Pas_ID;Pas_Result;Pas_Description;Pas_Type;Pas_Meat;Pas_Sauce;Pas_Topping
PAS1;Creamy Beef Pasta;If this delicious meal doesn't make you full, nothing will.;Spaghetti;Beef;White Cream;Herbs
PAS2;Creamy Beef Pasta;If this delicious meal doesn't make you full, nothing will.;Spaghetti;Beef;White Cream;Pepper
PAS3;Creamy Beef Pasta;If this delicious meal doesn't make you full, nothing will.;Spaghetti;Beef;White Cream;Garlic
PAS4;Creamy Beef Pasta;If this delicious meal doesn't make you full, nothing will.;Spaghetti;Beef;White Cream;None
PAS5;Spaghetti Bolognese;The staple in every pasta menu.;Spaghetti;Beef;Tomato;Herbs
PAS6;Spaghetti Bolognese;The staple in every pasta menu.;Spaghetti;Beef;Tomato;Pepper
PAS7;Spaghetti Bolognese;The staple in every pasta menu.;Spaghetti;Beef;Tomato;Garlic
PAS8;Spaghetti Bolognese;The staple in every pasta menu.;Spaghetti;Beef;Tomato;None
PAS9;Pesto Spaghetti with Beef Meatball;When Ikea wants to go boujee.;Spaghetti;Beef;Pesto;Herbs
PAS10;Pesto Spaghetti with Beef Meatball;When Ikea wants to go boujee.;Spaghetti;Beef;Pesto;Pepper
PAS11;Pesto Spaghetti with Beef Meatball;When Ikea wants to go boujee.;Spaghetti;Beef;Pesto;Garlic
PAS12;Pesto Spaghetti with Beef Meatball;When Ikea wants to go boujee.;Spaghetti;Beef;Pesto;None
PAS13;Ground Beef Spaghetti;It's the dish that your mom manages to cook from an empty fridge.;Spaghetti;Beef;None;Herbs
PAS14;Ground Beef Spaghetti;It's the dish that your mom manages to cook from an empty fridge.;Spaghetti;Beef;None;Pepper
PAS15;Ground Beef Spaghetti;It's the dish that your mom manages to cook from an empty fridge.;Spaghetti;Beef;None;Garlic
PAS16;Ground Beef Spaghetti;It's the dish that your mom manages to cook from an empty fridge.;Spaghetti;Beef;None;None
PAS17;Creamy Chicken Pasta;It’s a carb galore!;Spaghetti;Chicken;White Cream;Herbs
PAS18;Creamy Chicken Pasta;It’s a carb galore!;Spaghetti;Chicken;White Cream;Pepper
PAS19;Creamy Chicken Pasta;It’s a carb galore!;Spaghetti;Chicken;White Cream;Garlic
PAS20;Creamy Chicken Pasta;It’s a carb galore!;Spaghetti;Chicken;White Cream;None
PAS21;Chicken Spaghetti Bolognese;When you are soooo over the beef bolognese taking over the world.;Spaghetti;Chicken;Tomato;Herbs
PAS22;Chicken Spaghetti Bolognese;When you are soooo over the beef bolognese taking over the world.;Spaghetti;Chicken;Tomato;Pepper
PAS23;Chicken Spaghetti Bolognese;When you are soooo over the beef bolognese taking over the world.;Spaghetti;Chicken;Tomato;Garlic
PAS24;Chicken Spaghetti Bolognese;When you are soooo over the beef bolognese taking over the world.;Spaghetti;Chicken;Tomato;None
PAS25;Basil Pesto Chicken Spaghetti;Chicken really goes well with oil-based sauces like pesto.;Spaghetti;Chicken;Pesto;Herbs
PAS26;Basil Pesto Chicken Spaghetti;Chicken really goes well with oil-based sauces like pesto.;Spaghetti;Chicken;Pesto;Pepper
PAS27;Basil Pesto Chicken Spaghetti;Chicken really goes well with oil-based sauces like pesto.;Spaghetti;Chicken;Pesto;Garlic
PAS28;Basil Pesto Chicken Spaghetti;Chicken really goes well with oil-based sauces like pesto.;Spaghetti;Chicken;Pesto;None
PAS29;Chicken Garlic Butter Pasta;Think of the children!;Spaghetti;Chicken;None;Herbs
PAS30;Chicken Garlic Butter Pasta;Think of the children!;Spaghetti;Chicken;None;Pepper
PAS31;Chicken Garlic Butter Pasta;Think of the children!;Spaghetti;Chicken;None;Garlic
PAS32;Chicken Garlic Butter Pasta;Think of the children!;Spaghetti;Chicken;None;None
PAS33;Creamy Seafood Pasta;The perfect dinner meal!;Spaghetti;Seafood;White Cream;Herbs
PAS34;Creamy Seafood Pasta;The perfect dinner meal!;Spaghetti;Seafood;White Cream;Pepper
PAS35;Creamy Seafood Pasta;The perfect dinner meal!;Spaghetti;Seafood;White Cream;Garlic
PAS36;Creamy Seafood Pasta;The perfect dinner meal!;Spaghetti;Seafood;White Cream;None
PAS37;Seafood Pasta;It's the instagram pasta! Quick honey, get the camera!;Spaghetti;Seafood;Tomato;Herbs
PAS38;Seafood Pasta;It's the instagram pasta! Quick honey, get the camera!;Spaghetti;Seafood;Tomato;Pepper
PAS39;Seafood Pasta;It's the instagram pasta! Quick honey, get the camera!;Spaghetti;Seafood;Tomato;Garlic
PAS40;Seafood Pasta;It's the instagram pasta! Quick honey, get the camera!;Spaghetti;Seafood;Tomato;None
PAS41;Seafood Pesto Pasta;The best pasta for wine. Can I have some seafood pesto pasta with my Sauvignon Blanc?;Spaghetti;Seafood;Pesto;Herbs
PAS42;Seafood Pesto Pasta;The best pasta for wine. Can I have some seafood pesto pasta with my Sauvignon Blanc?;Spaghetti;Seafood;Pesto;Pepper
PAS43;Seafood Pesto Pasta;The best pasta for wine. Can I have some seafood pesto pasta with my Sauvignon Blanc?;Spaghetti;Seafood;Pesto;Garlic
PAS44;Seafood Pesto Pasta;The best pasta for wine. Can I have some seafood pesto pasta with my Sauvignon Blanc?;Spaghetti;Seafood;Pesto;None
PAS45;Garlic Seafood Pasta;It’s a pasta that warms your soul.;Spaghetti;Seafood;None;Herbs
PAS46;Garlic Seafood Pasta;It’s a pasta that warms your soul.;Spaghetti;Seafood;None;Pepper
PAS47;Garlic Seafood Pasta;It’s a pasta that warms your soul.;Spaghetti;Seafood;None;Garlic
PAS48;Garlic Seafood Pasta;It’s a pasta that warms your soul.;Spaghetti;Seafood;None;None
PAS49;Creamy Mushroom Pasta;Another classic restaurant pasta.;Spaghetti;None;White Cream;Herbs
PAS50;Creamy Mushroom Pasta;Another classic restaurant pasta.;Spaghetti;None;White Cream;Pepper
PAS51;Creamy Mushroom Pasta;Another classic restaurant pasta.;Spaghetti;None;White Cream;Garlic
PAS52;Creamy Mushroom Pasta;Another classic restaurant pasta.;Spaghetti;None;White Cream;None
PAS53;Tomato Spaghetti;One of the best vegan spaghetti options out there.;Spaghetti;None;Tomato;Herbs
PAS54;Tomato Spaghetti;One of the best vegan spaghetti options out there.;Spaghetti;None;Tomato;Pepper
PAS55;Tomato Spaghetti;One of the best vegan spaghetti options out there.;Spaghetti;None;Tomato;Garlic
PAS56;Tomato Spaghetti;One of the best vegan spaghetti options out there.;Spaghetti;None;Tomato;None
PAS57;Pesto Pasta;For some reasons pesto pasta is quite an acquired taste without meat.;Spaghetti;None;Pesto;Herbs
PAS58;Pesto Pasta;For some reasons pesto pasta is quite an acquired taste without meat.;Spaghetti;None;Pesto;Pepper
PAS59;Pesto Pasta;For some reasons pesto pasta is quite an acquired taste without meat.;Spaghetti;None;Pesto;Garlic
PAS60;Pesto Pasta;For some reasons pesto pasta is quite an acquired taste without meat.;Spaghetti;None;Pesto;None
PAS61;Spaghetti Aglio e Olio;Garlicky and spicy, yet its like the middle child of pasta.;Spaghetti;None;None;Herbs
PAS62;Spaghetti Aglio e Olio;Garlicky and spicy, yet its like the middle child of pasta.;Spaghetti;None;None;Pepper
PAS63;Spaghetti Aglio e Olio;Garlicky and spicy, yet its like the middle child of pasta.;Spaghetti;None;None;Garlic
PAS64;Spaghetti Aglio e Olio;Garlicky and spicy, yet its like the middle child of pasta.;Spaghetti;None;None;None
PAS65;Creamy Beef Fusilli Pasta;Fusilli really coats all the sauce and makes it taste creamier.;Fusilli;Beef;White Cream;Herbs
PAS66;Creamy Beef Fusilli Pasta;Fusilli really coats all the sauce and makes it taste creamier.;Fusilli;Beef;White Cream;Pepper
PAS67;Creamy Beef Fusilli Pasta;Fusilli really coats all the sauce and makes it taste creamier.;Fusilli;Beef;White Cream;Garlic
PAS68;Creamy Beef Fusilli Pasta;Fusilli really coats all the sauce and makes it taste creamier.;Fusilli;Beef;White Cream;None
PAS69;Fusilli Bolognese;I don't know… I prefer spaghetti with my bolognese.;Fusilli;Beef;Tomato;Herbs
PAS70;Fusilli Bolognese;I don't know… I prefer spaghetti with my bolognese.;Fusilli;Beef;Tomato;Pepper
PAS71;Fusilli Bolognese;I don't know… I prefer spaghetti with my bolognese.;Fusilli;Beef;Tomato;Garlic
PAS72;Fusilli Bolognese;I don't know… I prefer spaghetti with my bolognese.;Fusilli;Beef;Tomato;None
PAS73;Pesto Fusilli with Beef;The fantastic comfort food.;Fusilli;Beef;Pesto;Herbs
PAS74;Pesto Fusilli with Beef;The fantastic comfort food.;Fusilli;Beef;Pesto;Pepper
PAS75;Pesto Fusilli with Beef;The fantastic comfort food.;Fusilli;Beef;Pesto;Garlic
PAS76;Pesto Fusilli with Beef;The fantastic comfort food.;Fusilli;Beef;Pesto;None
PAS77;Cheesy Ground beef Fusilli;It's a pasta that has drastic marginal utility. First bite? Delicious! Second bite? I'm full.;Fusilli;Beef;None;Herbs
PAS78;Cheesy Ground beef Fusilli;It's a pasta that has drastic marginal utility. First bite? Delicious! Second bite? I'm full.;Fusilli;Beef;None;Pepper
PAS79;Cheesy Ground beef Fusilli;It's a pasta that has drastic marginal utility. First bite? Delicious! Second bite? I'm full.;Fusilli;Beef;None;Garlic
PAS80;Cheesy Ground beef Fusilli;It's a pasta that has drastic marginal utility. First bite? Delicious! Second bite? I'm full.;Fusilli;Beef;None;None
PAS81;Creamy chicken Fusilli;Stop trying to make creamy chicken fusilli healthy by adding veggie! It will never work out.;Fusilli;Chicken;White Cream;Herbs
PAS82;Creamy chicken Fusilli;Stop trying to make creamy chicken fusilli healthy by adding veggie! It will never work out.;Fusilli;Chicken;White Cream;Pepper
PAS83;Creamy chicken Fusilli;Stop trying to make creamy chicken fusilli healthy by adding veggie! It will never work out.;Fusilli;Chicken;White Cream;Garlic
PAS84;Creamy chicken Fusilli;Stop trying to make creamy chicken fusilli healthy by adding veggie! It will never work out.;Fusilli;Chicken;White Cream;None
PAS85;fusilli Chicken Bolognese;When chicken bolognese ain't different enough, it now comes with fusilli.;Fusilli;Chicken;Tomato;Herbs
PAS86;fusilli Chicken Bolognese;When chicken bolognese ain't different enough, it now comes with fusilli.;Fusilli;Chicken;Tomato;Pepper
PAS87;fusilli Chicken Bolognese;When chicken bolognese ain't different enough, it now comes with fusilli.;Fusilli;Chicken;Tomato;Garlic
PAS88;fusilli Chicken Bolognese;When chicken bolognese ain't different enough, it now comes with fusilli.;Fusilli;Chicken;Tomato;None
PAS89;Pesto Fusilli Pasta with Chicken;Pesto chicken with Fusilli? How fun!;Fusilli;Chicken;Pesto;Herbs
PAS90;Pesto Fusilli Pasta with Chicken;Pesto chicken with Fusilli? How fun!;Fusilli;Chicken;Pesto;Pepper
PAS91;Pesto Fusilli Pasta with Chicken;Pesto chicken with Fusilli? How fun!;Fusilli;Chicken;Pesto;Garlic
PAS92;Pesto Fusilli Pasta with Chicken;Pesto chicken with Fusilli? How fun!;Fusilli;Chicken;Pesto;None
PAS93;Cheesy Chicken Fusilli;This is so delicious it's shocking the baby cheese-us out of me!;Fusilli;Chicken;None;Herbs
PAS94;Cheesy Chicken Fusilli;This is so delicious it's shocking the baby cheese-us out of me!;Fusilli;Chicken;None;Pepper
PAS95;Cheesy Chicken Fusilli;This is so delicious it's shocking the baby cheese-us out of me!;Fusilli;Chicken;None;Garlic
PAS96;Cheesy Chicken Fusilli;This is so delicious it's shocking the baby cheese-us out of me!;Fusilli;Chicken;None;None
PAS97;Creamy Seafood Fusilli Pasta;People who hate this are fusilli. Get it? FU-SILLI;Fusilli;Seafood;White Cream;Herbs
PAS98;Creamy Seafood Fusilli Pasta;People who hate this are fusilli. Get it? FU-SILLI;Fusilli;Seafood;White Cream;Pepper
PAS99;Creamy Seafood Fusilli Pasta;People who hate this are fusilli. Get it? FU-SILLI;Fusilli;Seafood;White Cream;Garlic
PAS100;Creamy Seafood Fusilli Pasta;People who hate this are fusilli. Get it? FU-SILLI;Fusilli;Seafood;White Cream;None
PAS101;Seafood Fusilli Pasta;The seafood and tomato sauce are great. Oh yeah, the fusilli too.;Fusilli;Seafood;Tomato;Herbs
PAS102;Seafood Fusilli Pasta;The seafood and tomato sauce are great. Oh yeah, the fusilli too.;Fusilli;Seafood;Tomato;Pepper
PAS103;Seafood Fusilli Pasta;The seafood and tomato sauce are great. Oh yeah, the fusilli too.;Fusilli;Seafood;Tomato;Garlic
PAS104;Seafood Fusilli Pasta;The seafood and tomato sauce are great. Oh yeah, the fusilli too.;Fusilli;Seafood;Tomato;None
PAS105;Fusilli Pasta with Pesto and Shrimp;Feels like a summer pasta.;Fusilli;Seafood;Pesto;Herbs
PAS106;Fusilli Pasta with Pesto and Shrimp;Feels like a summer pasta.;Fusilli;Seafood;Pesto;Pepper
PAS107;Fusilli Pasta with Pesto and Shrimp;Feels like a summer pasta.;Fusilli;Seafood;Pesto;Garlic
PAS108;Fusilli Pasta with Pesto and Shrimp;Feels like a summer pasta.;Fusilli;Seafood;Pesto;None
PAS109;Garlic Seafood Fusilli Pasta;Delicious seafood fusilli, now with garlic!;Fusilli;Seafood;None;Herbs
PAS110;Garlic Seafood Fusilli Pasta;Delicious seafood fusilli, now with garlic!;Fusilli;Seafood;None;Pepper
PAS111;Garlic Seafood Fusilli Pasta;Delicious seafood fusilli, now with garlic!;Fusilli;Seafood;None;Garlic
PAS112;Garlic Seafood Fusilli Pasta;Delicious seafood fusilli, now with garlic!;Fusilli;Seafood;None;None
PAS113;Creamy garlic Fusilli Pasta;Taste better with meat, or even some bacon bits will be great too.;Fusilli;None;White Cream;Herbs
PAS114;Creamy garlic Fusilli Pasta;Taste better with meat, or even some bacon bits will be great too.;Fusilli;None;White Cream;Pepper
PAS115;Creamy garlic Fusilli Pasta;Taste better with meat, or even some bacon bits will be great too.;Fusilli;None;White Cream;Garlic
PAS116;Creamy garlic Fusilli Pasta;Taste better with meat, or even some bacon bits will be great too.;Fusilli;None;White Cream;None
PAS117;Fusilli in Tomato Sauce;The kids happy meal set.;Fusilli;None;Tomato;Herbs
PAS118;Fusilli in Tomato Sauce;The kids happy meal set.;Fusilli;None;Tomato;Pepper
PAS119;Fusilli in Tomato Sauce;The kids happy meal set.;Fusilli;None;Tomato;Garlic
PAS120;Fusilli in Tomato Sauce;The kids happy meal set.;Fusilli;None;Tomato;None
PAS121;Spicy Pesto Fusilli Pasta;With some mushrooms, this will be divine!;Fusilli;None;Pesto;Herbs
PAS122;Spicy Pesto Fusilli Pasta;With some mushrooms, this will be divine!;Fusilli;None;Pesto;Pepper
PAS123;Spicy Pesto Fusilli Pasta;With some mushrooms, this will be divine!;Fusilli;None;Pesto;Garlic
PAS124;Spicy Pesto Fusilli Pasta;With some mushrooms, this will be divine!;Fusilli;None;Pesto;None
PAS125;Fusilli Aglio e Olio;Hmm… I'll allow it.;Fusilli;None;None;Herbs
PAS126;Fusilli Aglio e Olio;Hmm… I'll allow it.;Fusilli;None;None;Pepper
PAS127;Fusilli Aglio e Olio;Hmm… I'll allow it.;Fusilli;None;None;Garlic
PAS128;Fusilli Aglio e Olio;Hmm… I'll allow it.;Fusilli;None;None;None
PAS129;Creamy Beef and Mushroom Stroganoff;The best beef pasta! Hands down.;Linguine;Beef;White Cream;Herbs
PAS130;Creamy Beef and Mushroom Stroganoff;The best beef pasta! Hands down.;Linguine;Beef;White Cream;Pepper
PAS131;Creamy Beef and Mushroom Stroganoff;The best beef pasta! Hands down.;Linguine;Beef;White Cream;Garlic
PAS132;Creamy Beef and Mushroom Stroganoff;The best beef pasta! Hands down.;Linguine;Beef;White Cream;None
PAS133;Beef Linguine Pasta;Add some caramelized onions, and that’s a great meal.;Linguine;Beef;Tomato;Herbs
PAS134;Beef Linguine Pasta;Add some caramelized onions, and that’s a great meal.;Linguine;Beef;Tomato;Pepper
PAS135;Beef Linguine Pasta;Add some caramelized onions, and that’s a great meal.;Linguine;Beef;Tomato;Garlic
PAS136;Beef Linguine Pasta;Add some caramelized onions, and that’s a great meal.;Linguine;Beef;Tomato;None
PAS137;Ground Beef Pesto Linguine;Don't be so pesto-mystic and give this one a try!;Linguine;Beef;Pesto;Herbs
PAS138;Ground Beef Pesto Linguine;Don't be so pesto-mystic and give this one a try!;Linguine;Beef;Pesto;Pepper
PAS139;Ground Beef Pesto Linguine;Don't be so pesto-mystic and give this one a try!;Linguine;Beef;Pesto;Garlic
PAS140;Ground Beef Pesto Linguine;Don't be so pesto-mystic and give this one a try!;Linguine;Beef;Pesto;None
PAS141;Ground Beef Linguine;It's the dish that your mom manages to cook from an empty fridge.;Linguine;Beef;None;Herbs
PAS142;Ground Beef Linguine;It's the dish that your mom manages to cook from an empty fridge.;Linguine;Beef;None;Pepper
PAS143;Ground Beef Linguine;It's the dish that your mom manages to cook from an empty fridge.;Linguine;Beef;None;Garlic
PAS144;Ground Beef Linguine;It's the dish that your mom manages to cook from an empty fridge.;Linguine;Beef;None;None
PAS145;Creamy Chicken Linguine;Imagine this with some garlic toast or bruschetta.;Linguine;Chicken;White Cream;Herbs
PAS146;Creamy Chicken Linguine;Imagine this with some garlic toast or bruschetta.;Linguine;Chicken;White Cream;Pepper
PAS147;Creamy Chicken Linguine;Imagine this with some garlic toast or bruschetta.;Linguine;Chicken;White Cream;Garlic
PAS148;Creamy Chicken Linguine;Imagine this with some garlic toast or bruschetta.;Linguine;Chicken;White Cream;None
PAS149;Tomato Basil Linguine with Chicken;Sounds healthy!;Linguine;Chicken;Tomato;Herbs
PAS150;Tomato Basil Linguine with Chicken;Sounds healthy!;Linguine;Chicken;Tomato;Pepper
PAS151;Tomato Basil Linguine with Chicken;Sounds healthy!;Linguine;Chicken;Tomato;Garlic
PAS152;Tomato Basil Linguine with Chicken;Sounds healthy!;Linguine;Chicken;Tomato;None
PAS153;Pesto Chicken with Linguine;This is the most im-peck-cable dish!;Linguine;Chicken;Pesto;Herbs
PAS154;Pesto Chicken with Linguine;This is the most im-peck-cable dish!;Linguine;Chicken;Pesto;Pepper
PAS155;Pesto Chicken with Linguine;This is the most im-peck-cable dish!;Linguine;Chicken;Pesto;Garlic
PAS156;Pesto Chicken with Linguine;This is the most im-peck-cable dish!;Linguine;Chicken;Pesto;None
PAS157;Parmesan Bacon Chicken Linguine;How posh!;Linguine;Chicken;None;Herbs
PAS158;Parmesan Bacon Chicken Linguine;How posh!;Linguine;Chicken;None;Pepper
PAS159;Parmesan Bacon Chicken Linguine;How posh!;Linguine;Chicken;None;Garlic
PAS160;Parmesan Bacon Chicken Linguine;How posh!;Linguine;Chicken;None;None
PAS161;Creamy Linguine with Prawn;Simple yet delicious.;Linguine;Seafood;White Cream;Herbs
PAS162;Creamy Linguine with Prawn;Simple yet delicious.;Linguine;Seafood;White Cream;Pepper
PAS163;Creamy Linguine with Prawn;Simple yet delicious.;Linguine;Seafood;White Cream;Garlic
PAS164;Creamy Linguine with Prawn;Simple yet delicious.;Linguine;Seafood;White Cream;None
PAS165;Seafood Linguine Pasta;Its so good Martha Stewart needs one hour and forty minutes to prepare it.;Linguine;Seafood;Tomato;Herbs
PAS166;Seafood Linguine Pasta;Its so good Martha Stewart needs one hour and forty minutes to prepare it.;Linguine;Seafood;Tomato;Pepper
PAS167;Seafood Linguine Pasta;Its so good Martha Stewart needs one hour and forty minutes to prepare it.;Linguine;Seafood;Tomato;Garlic
PAS168;Seafood Linguine Pasta;Its so good Martha Stewart needs one hour and forty minutes to prepare it.;Linguine;Seafood;Tomato;None
PAS169;Shrimp Pesto Linguine Pasta;Incredibly unconventional.;Linguine;Seafood;Pesto;Herbs
PAS170;Shrimp Pesto Linguine Pasta;Incredibly unconventional.;Linguine;Seafood;Pesto;Pepper
PAS171;Shrimp Pesto Linguine Pasta;Incredibly unconventional.;Linguine;Seafood;Pesto;Garlic
PAS172;Shrimp Pesto Linguine Pasta;Incredibly unconventional.;Linguine;Seafood;Pesto;None
PAS173;Garlic Seafood Linguine Pasta;Add all the garlics!;Linguine;Seafood;None;Herbs
PAS174;Garlic Seafood Linguine Pasta;Add all the garlics!;Linguine;Seafood;None;Pepper
PAS175;Garlic Seafood Linguine Pasta;Add all the garlics!;Linguine;Seafood;None;Garlic
PAS176;Garlic Seafood Linguine Pasta;Add all the garlics!;Linguine;Seafood;None;None
PAS177;Creamy Mushroom Linguine;It's Mario favourite.;Linguine;None;White Cream;Herbs
PAS178;Creamy Mushroom Linguine;It's Mario favourite.;Linguine;None;White Cream;Pepper
PAS179;Creamy Mushroom Linguine;It's Mario favourite.;Linguine;None;White Cream;Garlic
PAS180;Creamy Mushroom Linguine;It's Mario favourite.;Linguine;None;White Cream;None
PAS181;Linguine with Tomato Sauce;One of the best vegan spaghetti but now its linguine.;Linguine;None;Tomato;Herbs
PAS182;Linguine with Tomato Sauce;One of the best vegan spaghetti but now its linguine.;Linguine;None;Tomato;Pepper
PAS183;Linguine with Tomato Sauce;One of the best vegan spaghetti but now its linguine.;Linguine;None;Tomato;Garlic
PAS184;Linguine with Tomato Sauce;One of the best vegan spaghetti but now its linguine.;Linguine;None;Tomato;None
PAS185;Pesto Linguine;What do you do when you had too much pesto linguine? You take some pesto-bismol.;Linguine;None;Pesto;Herbs
PAS186;Pesto Linguine;What do you do when you had too much pesto linguine? You take some pesto-bismol.;Linguine;None;Pesto;Pepper
PAS187;Pesto Linguine;What do you do when you had too much pesto linguine? You take some pesto-bismol.;Linguine;None;Pesto;Garlic
PAS188;Pesto Linguine;What do you do when you had too much pesto linguine? You take some pesto-bismol.;Linguine;None;Pesto;None
PAS189;Linguine Aglio e Olio;This is so basic that its im-pasta-sible to mess it up.;Linguine;None;None;Herbs
PAS190;Linguine Aglio e Olio;This is so basic that its im-pasta-sible to mess it up.;Linguine;None;None;Pepper
PAS191;Linguine Aglio e Olio;This is so basic that its im-pasta-sible to mess it up.;Linguine;None;None;Garlic
PAS192;Linguine Aglio e Olio;This is so basic that its im-pasta-sible to mess it up.;Linguine;None;None;None
PAS193;Creamy Beef with Fettuccine;Yes. Just yes.;Fettuccine;Beef;White Cream;Herbs
PAS194;Creamy Beef with Fettuccine;Yes. Just yes.;Fettuccine;Beef;White Cream;Pepper
PAS195;Creamy Beef with Fettuccine;Yes. Just yes.;Fettuccine;Beef;White Cream;Garlic
PAS196;Creamy Beef with Fettuccine;Yes. Just yes.;Fettuccine;Beef;White Cream;None
PAS197;Fettuccine Bolognese;When you want something familiar, but also different.;Fettuccine;Beef;Tomato;Herbs
PAS198;Fettuccine Bolognese;When you want something familiar, but also different.;Fettuccine;Beef;Tomato;Pepper
PAS199;Fettuccine Bolognese;When you want something familiar, but also different.;Fettuccine;Beef;Tomato;Garlic
PAS200;Fettuccine Bolognese;When you want something familiar, but also different.;Fettuccine;Beef;Tomato;None
PAS201;Beef Fettuccine with Pesto;Like you never seen before.;Fettuccine;Beef;Pesto;Herbs
PAS202;Beef Fettuccine with Pesto;Like you never seen before.;Fettuccine;Beef;Pesto;Pepper
PAS203;Beef Fettuccine with Pesto;Like you never seen before.;Fettuccine;Beef;Pesto;Garlic
PAS204;Beef Fettuccine with Pesto;Like you never seen before.;Fettuccine;Beef;Pesto;None
PAS205;Beef Fettuccine;Hearty.;Fettuccine;Beef;None;Herbs
PAS206;Beef Fettuccine;Hearty.;Fettuccine;Beef;None;Pepper
PAS207;Beef Fettuccine;Hearty.;Fettuccine;Beef;None;Garlic
PAS208;Beef Fettuccine;Hearty.;Fettuccine;Beef;None;None
PAS209;Chicken Fettuccine Alfredo;Surprisingly enough, Alfredo doesn't exist in Italy.;Fettuccine;Chicken;White Cream;Herbs
PAS210;Chicken Fettuccine Alfredo;Surprisingly enough, Alfredo doesn't exist in Italy.;Fettuccine;Chicken;White Cream;Pepper
PAS211;Chicken Fettuccine Alfredo;Surprisingly enough, Alfredo doesn't exist in Italy.;Fettuccine;Chicken;White Cream;Garlic
PAS212;Chicken Fettuccine Alfredo;Surprisingly enough, Alfredo doesn't exist in Italy.;Fettuccine;Chicken;White Cream;None
PAS213;Tomato Basil Chicken Fettuccine;It's like a cleanse for your body.;Fettuccine;Chicken;Tomato;Herbs
PAS214;Tomato Basil Chicken Fettuccine;It's like a cleanse for your body.;Fettuccine;Chicken;Tomato;Pepper
PAS215;Tomato Basil Chicken Fettuccine;It's like a cleanse for your body.;Fettuccine;Chicken;Tomato;Garlic
PAS216;Tomato Basil Chicken Fettuccine;It's like a cleanse for your body.;Fettuccine;Chicken;Tomato;None
PAS217;Pesto Fettuccine with Chicken Alfredo;So is this pesto or alfredo?;Fettuccine;Chicken;Pesto;Herbs
PAS218;Pesto Fettuccine with Chicken Alfredo;So is this pesto or alfredo?;Fettuccine;Chicken;Pesto;Pepper
PAS219;Pesto Fettuccine with Chicken Alfredo;So is this pesto or alfredo?;Fettuccine;Chicken;Pesto;Garlic
PAS220;Pesto Fettuccine with Chicken Alfredo;So is this pesto or alfredo?;Fettuccine;Chicken;Pesto;None
PAS221;Lemon Garlic Fettuccine;It's refreshing to see lemon being the main player in a pasta dish;Fettuccine;Chicken;None;Herbs
PAS222;Lemon Garlic Fettuccine;It's refreshing to see lemon being the main player in a pasta dish;Fettuccine;Chicken;None;Pepper
PAS223;Lemon Garlic Fettuccine;It's refreshing to see lemon being the main player in a pasta dish;Fettuccine;Chicken;None;Garlic
PAS224;Lemon Garlic Fettuccine;It's refreshing to see lemon being the main player in a pasta dish;Fettuccine;Chicken;None;None
PAS225;Fettuccine with Creamy Seafood Sauce;Taste like it costs $50.;Fettuccine;Seafood;White Cream;Herbs
PAS226;Fettuccine with Creamy Seafood Sauce;Taste like it costs $50.;Fettuccine;Seafood;White Cream;Pepper
PAS227;Fettuccine with Creamy Seafood Sauce;Taste like it costs $50.;Fettuccine;Seafood;White Cream;Garlic
PAS228;Fettuccine with Creamy Seafood Sauce;Taste like it costs $50.;Fettuccine;Seafood;White Cream;None
PAS229;Seafood Fettuccine;Like a hug to your soul.;Fettuccine;Seafood;Tomato;Herbs
PAS230;Seafood Fettuccine;Like a hug to your soul.;Fettuccine;Seafood;Tomato;Pepper
PAS231;Seafood Fettuccine;Like a hug to your soul.;Fettuccine;Seafood;Tomato;Garlic
PAS232;Seafood Fettuccine;Like a hug to your soul.;Fettuccine;Seafood;Tomato;None
PAS233;Creamy Pesto Fettuccine;Its so creamy and hearty that Im having a mini cardiac arrest.;Fettuccine;Seafood;Pesto;Herbs
PAS234;Creamy Pesto Fettuccine;Its so creamy and hearty that Im having a mini cardiac arrest.;Fettuccine;Seafood;Pesto;Pepper
PAS235;Creamy Pesto Fettuccine;Its so creamy and hearty that Im having a mini cardiac arrest.;Fettuccine;Seafood;Pesto;Garlic
PAS236;Creamy Pesto Fettuccine;Its so creamy and hearty that Im having a mini cardiac arrest.;Fettuccine;Seafood;Pesto;None
PAS237;Seafood Fettuccine;Like a hug to your soul.;Fettuccine;Seafood;None;Herbs
PAS238;Seafood Fettuccine;Like a hug to your soul.;Fettuccine;Seafood;None;Pepper
PAS239;Seafood Fettuccine;Like a hug to your soul.;Fettuccine;Seafood;None;Garlic
PAS240;Seafood Fettuccine;Like a hug to your soul.;Fettuccine;Seafood;None;None
PAS241;Fettuccine Carbonara;Just plain delicious. Emphasis on the plain.;Fettuccine;None;White Cream;Herbs
PAS242;Fettuccine Carbonara;Just plain delicious. Emphasis on the plain.;Fettuccine;None;White Cream;Pepper
PAS243;Fettuccine Carbonara;Just plain delicious. Emphasis on the plain.;Fettuccine;None;White Cream;Garlic
PAS244;Fettuccine Carbonara;Just plain delicious. Emphasis on the plain.;Fettuccine;None;White Cream;None
PAS245;Fettuccine with Creamy Tomato;As if normal tomato sauce isn't flavorful enough, its now creamy too!;Fettuccine;None;Tomato;Herbs
PAS246;Fettuccine with Creamy Tomato;As if normal tomato sauce isn't flavorful enough, its now creamy too!;Fettuccine;None;Tomato;Pepper
PAS247;Fettuccine with Creamy Tomato;As if normal tomato sauce isn't flavorful enough, its now creamy too!;Fettuccine;None;Tomato;Garlic
PAS248;Fettuccine with Creamy Tomato;As if normal tomato sauce isn't flavorful enough, its now creamy too!;Fettuccine;None;Tomato;None
PAS249;Fettuccine Pesto Pasta;Pesto is delicious with fettuccine too!;Fettuccine;None;Pesto;Herbs
PAS250;Fettuccine Pesto Pasta;Pesto is delicious with fettuccine too!;Fettuccine;None;Pesto;Pepper
PAS251;Fettuccine Pesto Pasta;Pesto is delicious with fettuccine too!;Fettuccine;None;Pesto;Garlic
PAS252;Fettuccine Pesto Pasta;Pesto is delicious with fettuccine too!;Fettuccine;None;Pesto;None
PAS253;Aglio e Olio;You can't imagine how many garlics are in a Aglio e Olio.;Fettuccine;None;None;Herbs
PAS254;Aglio e Olio;You can't imagine how many garlics are in a Aglio e Olio.;Fettuccine;None;None;Pepper
PAS255;Aglio e Olio;You can't imagine how many garlics are in a Aglio e Olio.;Fettuccine;None;None;Garlic
PAS256;Aglio e Olio;You can't imagine how many garlics are in a Aglio e Olio.;Fettuccine;None;None;None
